Book_ID,Title,Author,Price,Availability,Rating
1,Forgotten Garden 1,Henry White,£22.24,In stock,1
2,Crimson River 2,Ethan Walker,£31.10,In stock,1
3,Secret Ocean 3,Lucas Lewis,£40.10,In stock,5
4,Mysterious Ocean 4,Benjamin Robinson,£39.46,In stock,2
5,Mysterious Shadow 5,Henry White,£17.77,In stock,1
6,Golden Kingdom 6,Sophia Brown,£27.95,In stock,5
7,Endless Journey 7,Benjamin Robinson,£36.81,Out of stock,1
8,Crimson Story 8,Grace Hall,£54.27,In stock,5
9,Secret River 9,Emma Wilson,£43.06,In stock,1
10,Broken Library 10,Alexander Garcia,£23.90,In stock,2
11,Lost Promise 11,William Thomas,£43.51,In stock,5
12,Midnight House 12,Ava Jackson,£18.17,Out of stock,3
13,Crimson Ocean 13,Michael Martin,£52.14,In stock,2
14,Silent Shadow 14,Alexander Garcia,£23.39,In stock,5
15,Wandering Empire 15,Charlotte Clark,£29.78,Out of stock,2
16,Endless Mountain 16,Ava Jackson,£47.25,In stock,5
17,Mysterious Adventure 17,Alexander Garcia,£28.10,In stock,5
18,Curious River 18,Emma Wilson,£53.06,In stock,2
19,Mysterious Secret 19,Oliver Smith,£29.24,Out of stock,5
20,Endless House 20,James Carter,£44.01,In stock,5
21,Endless Shadow 21,Sophia Brown,£24.68,In stock,4
22,Hidden Forest 22,Lucas Lewis,£48.10,In stock,3
23,Distant Secret 23,William Thomas,£17.64,In stock,5
24,Distant Garden 24,Grace Hall,£26.21,In stock,1
25,Lost Story 25,Ava Jackson,£12.90,In stock,1
26,Curious River 26,Harper Lee,£48.29,In stock,4
27,Crimson Dream 27,Henry White,£36.38,Out of stock,2
28,Crimson Empire 28,Isabella Harris,£29.95,In stock,4
29,Distant Island 29,Sophia Brown,£22.40,In stock,3
30,Hidden Adventure 30,Harper Lee,£21.51,In stock,1
31,Golden Journey 31,Ava Jackson,£13.37,In stock,3
32,Golden Star 32,Ava Jackson,£23.92,Out of stock,2
33,Crimson Mountain 33,Ethan Walker,£38.81,In stock,4
34,Mysterious Empire 34,Sophia Brown,£14.85,Out of stock,3
35,Mysterious Road 35,Benjamin Robinson,£53.19,In stock,1
36,Silent Kingdom 36,Michael Martin,£50.03,In stock,2
37,Secret Empire 37,Harper Lee,£32.43,Out of stock,2
38,Endless Island 38,Ava Jackson,£53.72,In stock,4
39,Crimson Library 39,Emma Wilson,£42.61,In stock,1
40,Broken Dream 40,Amelia Martinez,£34.28,In stock,4
41,Silent Dream 41,Alexander Garcia,£10.11,Out of stock,3
42,Shattered Story 42,Amelia Martinez,£44.83,Out of stock,2
43,Secret Story 43,William Thomas,£58.44,In stock,3
44,Silent Journey 44,Ethan Walker,£33.84,In stock,1
45,Distant River 45,Mia Anderson,£13.43,In stock,2
46,Beautiful Library 46,Ethan Walker,£22.31,In stock,5
47,Golden Road 47,Ethan Walker,£38.26,In stock,3
48,Secret Shadow 48,Ava Jackson,£23.28,In stock,3
49,Shattered Shadow 49,Oliver Smith,£10.47,In stock,1
50,Crimson Empire 50,Lucas Lewis,£23.26,In stock,1
51,Broken Promise 51,Isabella Harris,£17.89,In stock,5
52,Distant Garden 52,Harper Lee,£24.97,In stock,2
53,Endless Library 53,Sophia Brown,£47.12,In stock,3
54,Ancient Secret 54,William Thomas,£45.88,In stock,3
55,Distant Letter 55,Henry White,£55.27,In stock,1
56,Mysterious Forest 56,Emma Wilson,£10.18,In stock,3
57,Midnight Island 57,Harper Lee,£45.28,In stock,1
58,Golden Mountain 58,Harper Lee,£11.80,In stock,5
59,Crimson Mountain 59,Amelia Martinez,£16.37,In stock,3
60,Silent Promise 60,William Thomas,£44.10,In stock,3
61,Crimson Road 61,Grace Hall,£47.47,In stock,2
62,Midnight Road 62,James Carter,£18.97,In stock,4
63,Broken Forest 63,Mia Anderson,£49.37,In stock,4
64,Silent Letter 64,Ava Jackson,£19.98,Out of stock,3
65,Ancient Ocean 65,Ava Jackson,£11.18,In stock,4
66,Wandering Forest 66,Oliver Smith,£58.34,In stock,3
67,Distant Kingdom 67,Harper Lee,£26.56,In stock,1
68,Endless Dream 68,Ethan Walker,£58.13,In stock,1
69,Forgotten Secret 69,Amelia Martinez,£27.28,In stock,4
70,Rising Star 70,Sophia Brown,£29.26,In stock,3
71,Silent Road 71,James Carter,£36.00,In stock,3
72,Mysterious River 72,Michael Martin,£41.16,In stock,3
73,Distant Story 73,Amelia Martinez,£26.31,In stock,5
74,Brilliant Empire 74,Amelia Martinez,£43.25,Out of stock,2
75,Rising Adventure 75,Isabella Harris,£30.30,In stock,3
76,Ancient Empire 76,Amelia Martinez,£49.29,In stock,4
77,Shattered Island 77,William Thomas,£35.56,In stock,1
78,Ancient Star 78,Grace Hall,£26.76,In stock,3
79,Broken Empire 79,Daniel Taylor,£11.22,In stock,4
80,Rising River 80,Benjamin Robinson,£30.72,In stock,4
81,Curious Kingdom 81,Ava Jackson,£17.38,In stock,1
82,Mysterious Ocean 82,Mia Anderson,£50.21,Out of stock,1
83,Crimson Ocean 83,Sophia Brown,£32.82,Out of stock,5
84,Crimson Secret 84,Michael Martin,£57.50,Out of stock,5
85,Distant Road 85,Harper Lee,£32.30,In stock,4
86,Shattered Forest 86,Ava Jackson,£51.99,In stock,5
87,Curious Ocean 87,Henry White,£31.99,In stock,2
88,Endless Shadow 88,Michael Martin,£54.65,In stock,2
89,Brilliant Ocean 89,Alexander Garcia,£44.70,In stock,1
90,Mysterious Road 90,Michael Martin,£37.13,Out of stock,1
91,Secret Road 91,Alexander Garcia,£55.24,In stock,5
92,Beautiful Letter 92,James Carter,£57.14,In stock,4
93,Mysterious House 93,Harper Lee,£49.99,In stock,4
94,Broken Forest 94,Amelia Martinez,£34.28,Out of stock,3
95,Beautiful Dream 95,Benjamin Robinson,£55.98,In stock,4
96,Falling Adventure 96,James Carter,£14.20,Out of stock,2
97,Shattered Dream 97,Emma Wilson,£23.01,In stock,2
98,Shattered Shadow 98,Michael Martin,£48.06,Out of stock,3
99,Mysterious Forest 99,Oliver Smith,£33.52,In stock,3
100,Broken River 100,Emma Wilson,£47.71,In stock,2
101,Hidden Secret 101,Daniel Taylor,£21.93,Out of stock,1
102,Falling Empire 102,Benjamin Robinson,£44.97,In stock,2
103,Rising Secret 103,Sophia Brown,£48.89,In stock,3
104,Forgotten Adventure 104,James Carter,£56.44,Out of stock,4
105,Secret River 105,Ethan Walker,£44.53,In stock,1
106,Ancient Secret 106,Sophia Brown,£49.81,In stock,3
107,Crimson Road 107,Emily Thompson,£13.45,In stock,1
108,Mysterious Letter 108,Sophia Brown,£31.68,In stock,4
109,Brilliant Road 109,Mia Anderson,£46.69,In stock,5
110,Crimson Letter 110,Benjamin Robinson,£31.78,In stock,3
111,Broken River 111,Henry White,£54.08,In stock,4
112,Falling Secret 112,Alexander Garcia,£26.82,Out of stock,3
113,Midnight Letter 113,William Thomas,£27.74,In stock,3
114,Endless Secret 114,Henry White,£37.79,In stock,1
115,Broken Road 115,Charlotte Clark,£37.76,In stock,4
116,Curious Island 116,James Carter,£14.65,In stock,4
117,Broken Story 117,Ethan Walker,£28.45,In stock,4
118,Crimson Shadow 118,Emily Thompson,£45.14,In stock,3
119,Endless Ocean 119,Sophia Brown,£46.06,In stock,1
120,Crimson Dream 120,William Thomas,£20.82,Out of stock,3
121,Falling Star 121,Grace Hall,£24.15,In stock,2
122,Ancient Ocean 122,Emily Thompson,£18.97,In stock,5
123,Brilliant Forest 123,Emma Wilson,£58.71,In stock,2
124,Curious Library 124,James Carter,£38.70,Out of stock,4
125,Shattered Shadow 125,Mia Anderson,£58.27,In stock,4
126,Forgotten River 126,Alexander Garcia,£34.59,In stock,2
127,Brilliant Adventure 127,Isabella Harris,£14.26,In stock,1
128,Crimson Road 128,Grace Hall,£39.81,In stock,5
129,Beautiful Island 129,Benjamin Robinson,£24.87,Out of stock,3
130,Falling Secret 130,Emma Wilson,£40.48,In stock,2
131,Secret Forest 131,Oliver Smith,£17.85,In stock,5
132,Golden Dream 132,James Carter,£30.43,Out of stock,3
133,Silent Ocean 133,Isabella Harris,£45.35,Out of stock,1
134,Broken Forest 134,Ethan Walker,£43.06,In stock,4
135,Forgotten House 135,Ava Jackson,£42.38,In stock,2
136,Golden Journey 136,Mia Anderson,£49.63,In stock,4
137,Forgotten Island 137,Isabella Harris,£44.99,In stock,5
138,Crimson Letter 138,Benjamin Robinson,£14.02,In stock,4
139,Wandering Secret 139,Henry White,£11.29,In stock,5
140,Falling Garden 140,Henry White,£38.81,In stock,4
141,Distant Island 141,Henry White,£19.07,Out of stock,4
142,Golden Letter 142,Emily Thompson,£30.42,In stock,1
143,Midnight Shadow 143,Amelia Martinez,£44.68,In stock,4
144,Crimson Journey 144,Benjamin Robinson,£14.40,In stock,3
145,Forgotten Kingdom 145,Lucas Lewis,£51.25,In stock,5
146,Shattered Road 146,Emma Wilson,£19.38,In stock,5
147,Curious Island 147,Emma Wilson,£20.18,In stock,3
148,Shattered Letter 148,Sophia Brown,£11.44,In stock,2
149,Ancient House 149,James Carter,£37.61,In stock,2
150,Forgotten Island 150,Sophia Brown,£42.39,In stock,4
151,Ancient Star 151,Henry White,£30.77,Out of stock,4
152,Broken Island 152,Harper Lee,£17.23,In stock,5
153,Distant Mountain 153,Oliver Smith,£23.81,Out of stock,3
154,Distant Forest 154,James Carter,£24.14,In stock,5
155,Falling Letter 155,Daniel Taylor,£32.33,Out of stock,3
156,Wandering House 156,Harper Lee,£28.86,In stock,2
157,Broken Adventure 157,Alexander Garcia,£21.68,Out of stock,1
158,Wandering Letter 158,Alexander Garcia,£29.30,In stock,4
159,Silent Mountain 159,Lucas Lewis,£58.27,In stock,1
160,Shattered Library 160,Lucas Lewis,£55.52,In stock,2
161,Mysterious Mountain 161,Oliver Smith,£33.47,In stock,3
162,Rising Kingdom 162,Oliver Smith,£52.59,Out of stock,3
163,Curious House 163,Emma Wilson,£40.87,In stock,3
164,Broken River 164,Amelia Martinez,£58.92,In stock,4
165,Midnight Story 165,James Carter,£12.30,In stock,3
166,Lost Promise 166,Amelia Martinez,£17.28,Out of stock,5
167,Midnight Dream 167,Mia Anderson,£13.95,Out of stock,5
168,Broken Letter 168,Ethan Walker,£17.16,Out of stock,3
169,Shattered Forest 169,James Carter,£54.95,Out of stock,3
170,Crimson Dream 170,Oliver Smith,£32.09,In stock,5
171,Ancient Road 171,Henry White,£32.84,In stock,2
172,Beautiful Letter 172,Sophia Brown,£21.86,In stock,5
173,Ancient Story 173,James Carter,£58.90,Out of stock,3
174,Hidden Adventure 174,Emma Wilson,£55.53,Out of stock,3
175,Broken Secret 175,Emily Thompson,£20.95,In stock,5
176,Endless Mountain 176,Sophia Brown,£55.17,In stock,3
177,Shattered Journey 177,Ethan Walker,£28.24,In stock,1
178,Ancient Shadow 178,Amelia Martinez,£18.78,In stock,5
179,Lost Star 179,Lucas Lewis,£55.67,In stock,3
180,Curious Story 180,Michael Martin,£50.21,Out of stock,1
181,Brilliant Ocean 181,Alexander Garcia,£58.36,In stock,1
182,Beautiful Garden 182,Henry White,£36.83,Out of stock,3
183,Endless Adventure 183,Alexander Garcia,£51.12,In stock,1
184,Broken Letter 184,James Carter,£40.98,In stock,5
185,Broken River 185,Benjamin Robinson,£55.47,In stock,4
186,Forgotten Mountain 186,Emma Wilson,£57.31,In stock,4
187,Forgotten Library 187,Ava Jackson,£54.36,In stock,4
188,Shattered Promise 188,Harper Lee,£30.96,In stock,4
189,Forgotten Letter 189,Grace Hall,£30.41,In stock,1
190,Lost Empire 190,Benjamin Robinson,£32.23,In stock,3
191,Forgotten Promise 191,Harper Lee,£55.08,In stock,1
192,Beautiful Forest 192,William Thomas,£58.41,Out of stock,1
193,Secret Secret 193,James Carter,£12.53,In stock,2
194,Brilliant Adventure 194,William Thomas,£13.43,In stock,5
195,Secret Ocean 195,Michael Martin,£48.72,In stock,3
196,Brilliant Mountain 196,Harper Lee,£22.53,In stock,1
197,Hidden Mountain 197,James Carter,£27.91,In stock,5
198,Wandering Garden 198,Mia Anderson,£23.27,In stock,4
199,Distant Library 199,Oliver Smith,£33.81,In stock,5
200,Falling Library 200,Benjamin Robinson,£35.19,In stock,5
201,Ancient Island 201,James Carter,£13.04,Out of stock,4
202,Mysterious Library 202,Charlotte Clark,£45.62,Out of stock,1
203,Golden Shadow 203,Grace Hall,£17.42,In stock,3
204,Rising Adventure 204,Harper Lee,£45.61,Out of stock,5
205,Distant Story 205,Benjamin Robinson,£35.28,Out of stock,1
206,Forgotten House 206,William Thomas,£31.50,In stock,4
207,Wandering Island 207,Alexander Garcia,£30.80,In stock,3
208,Mysterious Shadow 208,Henry White,£28.72,In stock,4
209,Golden River 209,Oliver Smith,£14.66,In stock,3
210,Brilliant House 210,Emma Wilson,£39.32,In stock,1
211,Mysterious Promise 211,Amelia Martinez,£53.40,In stock,3
212,Rising Story 212,Emily Thompson,£15.18,In stock,2
213,Curious Ocean 213,Sophia Brown,£27.51,In stock,1
214,Endless Adventure 214,Ava Jackson,£50.36,In stock,5
215,Endless Garden 215,Mia Anderson,£23.66,In stock,3
216,Lost Garden 216,Mia Anderson,£53.49,Out of stock,1
217,Brilliant Garden 217,Oliver Smith,£47.31,In stock,4
218,Mysterious Island 218,Michael Martin,£17.87,In stock,3
219,Falling Secret 219,Oliver Smith,£54.17,In stock,2
220,Rising Journey 220,Oliver Smith,£23.61,Out of stock,4
221,Rising Island 221,Amelia Martinez,£23.66,In stock,3
222,Mysterious Library 222,Isabella Harris,£43.91,Out of stock,5
223,Ancient Journey 223,Ava Jackson,£29.76,In stock,1
224,Secret Story 224,William Thomas,£48.37,In stock,3
225,Wandering Library 225,James Carter,£34.87,Out of stock,2
226,Brilliant Kingdom 226,Harper Lee,£45.18,In stock,1
227,Beautiful Journey 227,Amelia Martinez,£10.94,In stock,3
228,Falling Road 228,Ethan Walker,£30.22,Out of stock,3
229,Forgotten Kingdom 229,James Carter,£58.31,In stock,5
230,Shattered Promise 230,Oliver Smith,£31.84,In stock,2
231,Mysterious Adventure 231,Alexander Garcia,£36.20,Out of stock,3
232,Wandering Ocean 232,Michael Martin,£48.96,In stock,5
233,Forgotten Star 233,Lucas Lewis,£19.70,In stock,3
234,Brilliant Ocean 234,Sophia Brown,£17.32,In stock,2
235,Rising Mountain 235,Oliver Smith,£18.86,Out of stock,4
236,Falling Adventure 236,Benjamin Robinson,£44.06,In stock,3
237,Brilliant Island 237,Oliver Smith,£33.45,In stock,3
238,Falling Journey 238,Emily Thompson,£35.37,In stock,4
239,Shattered Journey 239,Emma Wilson,£28.44,In stock,1
240,Golden Secret 240,Grace Hall,£35.35,Out of stock,5
241,Crimson Journey 241,Benjamin Robinson,£55.45,In stock,3
242,Rising Letter 242,Lucas Lewis,£17.54,In stock,4
243,Forgotten Shadow 243,Oliver Smith,£35.23,In stock,1
244,Broken Island 244,Benjamin Robinson,£36.20,In stock,3
245,Lost Story 245,Alexander Garcia,£30.44,In stock,5
246,Silent Shadow 246,Oliver Smith,£26.48,Out of stock,3
247,Endless Secret 247,Daniel Taylor,£26.67,In stock,3
248,Ancient Kingdom 248,Daniel Taylor,£39.75,In stock,3
249,Crimson Kingdom 249,Michael Martin,£50.66,In stock,4
250,Distant Promise 250,James Carter,£28.13,In stock,2
251,Wandering Letter 251,William Thomas,£21.33,In stock,2
252,Golden Story 252,Sophia Brown,£35.38,In stock,3
253,Rising Mountain 253,Grace Hall,£28.84,In stock,2
254,Rising Dream 254,Benjamin Robinson,£12.18,In stock,2
255,Shattered Secret 255,Isabella Harris,£47.62,Out of stock,2
256,Crimson Ocean 256,Isabella Harris,£58.28,Out of stock,2
257,Lost Adventure 257,Benjamin Robinson,£33.08,In stock,4
258,Distant Star 258,Amelia Martinez,£58.31,In stock,5
259,Brilliant Forest 259,Emma Wilson,£42.06,In stock,5
260,Forgotten Star 260,Sophia Brown,£24.25,In stock,3
261,Shattered Star 261,Daniel Taylor,£51.55,In stock,2
262,Shattered Promise 262,James Carter,£30.74,Out of stock,5
263,Lost Ocean 263,Alexander Garcia,£59.73,In stock,2
264,Hidden Shadow 264,Sophia Brown,£51.96,In stock,2
265,Brilliant Journey 265,Isabella Harris,£55.87,Out of stock,2
266,Curious Island 266,Grace Hall,£10.26,In stock,1
267,Endless Empire 267,Daniel Taylor,£37.44,Out of stock,1
268,Ancient Ocean 268,Isabella Harris,£16.09,In stock,4
269,Rising Island 269,Oliver Smith,£15.54,Out of stock,5
270,Crimson Garden 270,Lucas Lewis,£38.75,In stock,3
271,Mysterious Garden 271,Grace Hall,£27.64,Out of stock,2
272,Golden Star 272,Emily Thompson,£13.38,In stock,4
273,Curious Journey 273,Alexander Garcia,£59.05,In stock,1
274,Lost River 274,Emily Thompson,£22.06,In stock,5
275,Wandering Mountain 275,Emma Wilson,£27.61,In stock,2
276,Shattered Letter 276,Mia Anderson,£50.57,In stock,4
277,Silent Story 277,William Thomas,£12.19,In stock,1
278,Wandering Story 278,Lucas Lewis,£29.91,Out of stock,3
279,Silent Empire 279,Isabella Harris,£27.85,In stock,3
280,Endless Library 280,Emily Thompson,£31.85,Out of stock,4
281,Beautiful Shadow 281,Mia Anderson,£34.81,Out of stock,3
282,Distant Forest 282,Oliver Smith,£46.35,In stock,4
283,Rising Dream 283,Harper Lee,£24.69,In stock,1
284,Wandering Story 284,Isabella Harris,£32.30,Out of stock,2
285,Shattered Promise 285,Benjamin Robinson,£12.12,In stock,5
286,Mysterious Forest 286,Emma Wilson,£13.75,Out of stock,3
287,Distant Dream 287,James Carter,£17.14,Out of stock,1
288,Brilliant River 288,Ava Jackson,£48.93,In stock,3
289,Beautiful Adventure 289,Emma Wilson,£40.25,Out of stock,3
290,Lost Island 290,Oliver Smith,£38.70,In stock,4
291,Wandering Forest 291,Ava Jackson,£58.03,In stock,2
292,Curious Star 292,Alexander Garcia,£55.68,In stock,3
293,Endless Island 293,William Thomas,£59.82,In stock,4
294,Secret Library 294,Daniel Taylor,£52.64,Out of stock,2
295,Shattered River 295,Michael Martin,£43.39,In stock,5
296,Crimson Story 296,Isabella Harris,£52.57,In stock,3
297,Distant Ocean 297,Sophia Brown,£59.26,In stock,2
298,Curious Garden 298,Emily Thompson,£37.70,In stock,4
299,Crimson Mountain 299,Grace Hall,£54.21,In stock,3
300,Beautiful Letter 300,Lucas Lewis,£30.54,Out of stock,5
301,Golden Mountain 301,Michael Martin,£42.12,Out of stock,4
302,Distant Promise 302,Daniel Taylor,£53.90,In stock,2
303,Mysterious Star 303,Emma Wilson,£51.57,In stock,3
304,Midnight Dream 304,Michael Martin,£56.74,In stock,3
305,Distant Story 305,Oliver Smith,£22.53,In stock,2
306,Ancient Secret 306,Harper Lee,£14.67,In stock,5
307,Falling Mountain 307,Mia Anderson,£42.94,In stock,5
308,Silent Garden 308,Oliver Smith,£12.27,In stock,2
309,Falling Road 309,Grace Hall,£41.95,Out of stock,5
310,Ancient Story 310,Charlotte Clark,£22.24,Out of stock,3
311,Shattered River 311,Emma Wilson,£17.90,Out of stock,4
312,Shattered Empire 312,Michael Martin,£40.33,In stock,3
313,Lost Kingdom 313,Daniel Taylor,£48.03,In stock,3
314,Broken Island 314,Sophia Brown,£23.37,In stock,2
315,Forgotten Journey 315,Isabella Harris,£57.27,Out of stock,2
316,Midnight Shadow 316,Ethan Walker,£46.06,In stock,2
317,Curious Star 317,Benjamin Robinson,£34.94,In stock,4
318,Hidden River 318,Alexander Garcia,£35.27,In stock,2
319,Falling Promise 319,Emma Wilson,£12.53,Out of stock,5
320,Curious Story 320,Harper Lee,£10.41,In stock,4
321,Brilliant Forest 321,Emily Thompson,£48.19,In stock,1
322,Beautiful Journey 322,Ethan Walker,£38.09,In stock,5
323,Ancient River 323,Alexander Garcia,£35.21,In stock,5
324,Rising Library 324,Daniel Taylor,£58.75,Out of stock,3
325,Wandering House 325,Emily Thompson,£47.75,In stock,5
326,Distant Kingdom 326,Lucas Lewis,£12.01,In stock,2
327,Wandering Letter 327,Lucas Lewis,£32.85,In stock,3
328,Rising Shadow 328,Mia Anderson,£29.65,In stock,5
329,Wandering Star 329,Lucas Lewis,£36.62,In stock,4
330,Hidden Promise 330,Michael Martin,£43.69,Out of stock,5
331,Ancient Garden 331,Grace Hall,£33.73,In stock,1
332,Falling Letter 332,Mia Anderson,£36.21,Out of stock,2
333,Broken Journey 333,Ethan Walker,£57.41,In stock,2
334,Hidden Island 334,Michael Martin,£30.94,Out of stock,2
335,Mysterious Star 335,Grace Hall,£56.03,In stock,2
336,Distant Empire 336,Harper Lee,£26.25,Out of stock,5
337,Beautiful Shadow 337,Mia Anderson,£32.98,In stock,5
338,Lost Forest 338,Grace Hall,£34.21,In stock,3
339,Crimson Story 339,Ava Jackson,£57.07,In stock,3
340,Secret Letter 340,Michael Martin,£33.99,In stock,3
341,Forgotten Adventure 341,Harper Lee,£28.98,Out of stock,3
342,Brilliant Story 342,Emma Wilson,£24.38,In stock,3
343,Shattered Forest 343,Charlotte Clark,£20.70,In stock,5
344,Endless Mountain 344,Sophia Brown,£40.78,In stock,2
345,Silent Star 345,Ava Jackson,£41.90,In stock,1
346,Mysterious Shadow 346,Charlotte Clark,£15.03,In stock,1
347,Crimson Dream 347,Amelia Martinez,£42.64,Out of stock,4
348,Secret Story 348,Michael Martin,£24.27,In stock,1
349,Falling Ocean 349,Harper Lee,£46.93,In stock,2
350,Mysterious Dream 350,Emma Wilson,£59.86,Out of stock,4
351,Midnight Story 351,Emma Wilson,£10.46,In stock,3
352,Ancient Island 352,Harper Lee,£36.22,In stock,5
353,Shattered Forest 353,William Thomas,£50.44,In stock,2
354,Shattered Forest 354,Mia Anderson,£10.70,In stock,3
355,Falling Empire 355,Mia Anderson,£40.55,Out of stock,4
356,Distant Shadow 356,Oliver Smith,£30.04,In stock,2
357,Brilliant Letter 357,Michael Martin,£56.79,In stock,3
358,Beautiful Ocean 358,Benjamin Robinson,£47.69,In stock,3
359,Falling Adventure 359,James Carter,£23.08,In stock,2
360,Silent Library 360,Benjamin Robinson,£25.34,Out of stock,5
361,Ancient Library 361,Isabella Harris,£28.38,In stock,2
362,Brilliant Letter 362,Daniel Taylor,£32.75,In stock,4
363,Crimson Letter 363,Harper Lee,£50.10,In stock,2
364,Rising River 364,Lucas Lewis,£32.34,In stock,1
365,Falling Library 365,Emma Wilson,£51.44,In stock,5
366,Crimson Mountain 366,Mia Anderson,£26.41,Out of stock,1
367,Secret Adventure 367,Charlotte Clark,£14.55,Out of stock,1
368,Shattered Mountain 368,Lucas Lewis,£30.77,In stock,5
369,Shattered Story 369,James Carter,£29.80,In stock,2
370,Falling River 370,Emma Wilson,£31.18,In stock,5
371,Silent River 371,Charlotte Clark,£11.59,Out of stock,2
372,Brilliant Road 372,Emily Thompson,£59.64,Out of stock,4
373,Beautiful Kingdom 373,Oliver Smith,£44.14,In stock,3
374,Forgotten Dream 374,Harper Lee,£29.65,In stock,2
375,Hidden Garden 375,Isabella Harris,£33.15,Out of stock,5
376,Beautiful Ocean 376,Ava Jackson,£33.03,In stock,3
377,Secret Library 377,Emma Wilson,£50.47,Out of stock,5
378,Hidden Ocean 378,William Thomas,£13.36,In stock,4
379,Rising Journey 379,Ava Jackson,£47.03,Out of stock,4
380,Broken House 380,William Thomas,£47.72,In stock,2
381,Distant Story 381,Ava Jackson,£50.79,In stock,5
382,Rising Shadow 382,Ava Jackson,£25.09,In stock,5
383,Broken Road 383,Isabella Harris,£23.76,In stock,4
384,Crimson Letter 384,Emma Wilson,£58.61,Out of stock,5
385,Wandering Road 385,Amelia Martinez,£17.46,Out of stock,2
386,Crimson Letter 386,Ava Jackson,£52.47,In stock,2
387,Shattered Journey 387,Harper Lee,£30.63,Out of stock,5
388,Distant Mountain 388,Alexander Garcia,£22.14,In stock,3
389,Golden Island 389,Emily Thompson,£14.62,In stock,1
390,Endless Kingdom 390,Grace Hall,£40.15,In stock,2
391,Falling House 391,William Thomas,£33.97,In stock,3
392,Hidden Empire 392,William Thomas,£58.10,In stock,4
393,Broken Secret 393,William Thomas,£29.83,In stock,5
394,Wandering Story 394,Alexander Garcia,£33.31,In stock,3
395,Endless Promise 395,Lucas Lewis,£54.14,Out of stock,1
396,Curious Shadow 396,William Thomas,£28.54,Out of stock,1
397,Falling Ocean 397,Daniel Taylor,£10.81,Out of stock,3
398,Brilliant Empire 398,Michael Martin,£21.50,In stock,4
399,Crimson Shadow 399,Henry White,£48.17,Out of stock,4
400,Shattered Dream 400,Emily Thompson,£18.46,Out of stock,2
401,Crimson Journey 401,Lucas Lewis,£11.69,In stock,1
402,Hidden Road 402,Daniel Taylor,£52.13,In stock,1
403,Brilliant Garden 403,William Thomas,£35.29,In stock,1
404,Rising Secret 404,Charlotte Clark,£42.96,In stock,1
405,Crimson House 405,Amelia Martinez,£10.59,In stock,5
406,Ancient Garden 406,Lucas Lewis,£50.66,Out of stock,2
407,Forgotten Library 407,Lucas Lewis,£17.44,In stock,5
408,Distant Forest 408,Emily Thompson,£23.37,Out of stock,1
409,Lost Kingdom 409,Benjamin Robinson,£38.25,In stock,3
410,Golden Journey 410,Oliver Smith,£30.26,Out of stock,5
411,Curious Journey 411,James Carter,£45.14,In stock,4
412,Mysterious Shadow 412,Ethan Walker,£58.87,In stock,5
413,Silent Ocean 413,William Thomas,£55.06,Out of stock,3
414,Silent River 414,Henry White,£54.97,In stock,2
415,Wandering Garden 415,William Thomas,£39.35,Out of stock,1
416,Ancient Dream 416,Ethan Walker,£22.02,Out of stock,5
417,Wandering Kingdom 417,Daniel Taylor,£49.52,In stock,5
418,Lost Journey 418,Sophia Brown,£31.85,In stock,3
419,Rising Secret 419,Grace Hall,£29.84,In stock,1
420,Endless Island 420,Charlotte Clark,£21.41,Out of stock,4
421,Midnight Adventure 421,Alexander Garcia,£14.28,In stock,2
422,Golden River 422,Henry White,£17.71,In stock,4
423,Wandering Promise 423,Sophia Brown,£14.58,In stock,4
424,Lost Forest 424,Sophia Brown,£16.63,In stock,4
425,Shattered House 425,Harper Lee,£35.62,In stock,1
426,Golden Promise 426,Harper Lee,£14.65,In stock,4
427,Hidden Story 427,Amelia Martinez,£29.39,In stock,5
428,Broken Adventure 428,Lucas Lewis,£18.48,Out of stock,2
429,Brilliant Forest 429,Isabella Harris,£23.42,In stock,1
430,Midnight Road 430,Henry White,£31.06,Out of stock,1
431,Lost Forest 431,Ava Jackson,£46.04,Out of stock,5
432,Rising Empire 432,Benjamin Robinson,£15.35,In stock,1
433,Beautiful Shadow 433,Grace Hall,£28.99,In stock,4
434,Wandering Road 434,Grace Hall,£16.81,In stock,5
435,Secret Letter 435,Michael Martin,£18.88,Out of stock,3
436,Ancient Letter 436,Ethan Walker,£49.10,In stock,4
437,Endless Kingdom 437,Emily Thompson,£15.69,In stock,5
438,Crimson Dream 438,Harper Lee,£11.35,Out of stock,2
439,Shattered Story 439,Oliver Smith,£50.95,Out of stock,4
440,Brilliant Story 440,Ava Jackson,£22.63,In stock,4
441,Beautiful River 441,Benjamin Robinson,£59.54,Out of stock,5
442,Beautiful House 442,Lucas Lewis,£56.17,Out of stock,5
443,Silent Promise 443,Harper Lee,£39.69,In stock,1
444,Broken Promise 444,Mia Anderson,£42.35,In stock,5
445,Beautiful Shadow 445,Amelia Martinez,£15.30,In stock,3
446,Broken Star 446,Lucas Lewis,£37.90,In stock,4
447,Lost Kingdom 447,Benjamin Robinson,£48.62,In stock,3
448,Hidden Letter 448,Sophia Brown,£24.77,In stock,1
449,Brilliant Promise 449,Isabella Harris,£27.15,In stock,5
450,Curious Promise 450,Charlotte Clark,£14.88,Out of stock,3
451,Golden Story 451,Emma Wilson,£50.51,In stock,1
452,Wandering Library 452,Mia Anderson,£56.50,In stock,5
453,Midnight House 453,Mia Anderson,£26.55,Out of stock,4
454,Broken Kingdom 454,Mia Anderson,£19.32,Out of stock,4
455,Hidden Secret 455,William Thomas,£32.48,Out of stock,4
456,Hidden Empire 456,William Thomas,£23.92,In stock,5
457,Forgotten House 457,Mia Anderson,£28.29,In stock,4
458,Forgotten Forest 458,Charlotte Clark,£36.39,In stock,5
459,Beautiful Secret 459,Alexander Garcia,£39.35,In stock,3
460,Shattered Secret 460,Mia Anderson,£50.69,In stock,5
461,Falling River 461,Daniel Taylor,£25.66,In stock,3
462,Forgotten Dream 462,Emily Thompson,£44.67,Out of stock,4
463,Rising Mountain 463,Ethan Walker,£29.19,In stock,4
464,Crimson Dream 464,Harper Lee,£18.34,In stock,2
465,Midnight Shadow 465,Benjamin Robinson,£40.97,In stock,1
466,Curious Mountain 466,William Thomas,£50.76,Out of stock,4
467,Curious Road 467,Benjamin Robinson,£34.43,In stock,5
468,Hidden Ocean 468,Isabella Harris,£11.63,In stock,5
469,Ancient Dream 469,Benjamin Robinson,£38.28,Out of stock,5
470,Distant Library 470,Ethan Walker,£15.71,In stock,5
471,Silent Island 471,Harper Lee,£20.93,Out of stock,1
472,Broken Story 472,Emma Wilson,£32.49,In stock,1
473,Shattered Library 473,Ava Jackson,£20.49,In stock,5
474,Mysterious Dream 474,Grace Hall,£16.96,In stock,2
475,Silent Adventure 475,Emily Thompson,£36.61,In stock,3
476,Ancient Story 476,Ethan Walker,£23.37,In stock,2
477,Mysterious Journey 477,Henry White,£53.35,In stock,2
478,Broken Mountain 478,Michael Martin,£51.42,Out of stock,4
479,Brilliant Adventure 479,Henry White,£41.39,Out of stock,4
480,Golden River 480,Alexander Garcia,£35.78,In stock,3
481,Shattered Letter 481,Michael Martin,£39.10,In stock,4
482,Lost River 482,Harper Lee,£29.89,Out of stock,2
483,Curious Forest 483,Michael Martin,£51.42,In stock,5
484,Falling Mountain 484,Ethan Walker,£52.62,In stock,1
485,Silent Library 485,Benjamin Robinson,£10.81,In stock,4
486,Shattered Garden 486,Amelia Martinez,£20.12,In stock,3
487,Midnight Forest 487,Oliver Smith,£42.73,In stock,1
488,Lost Dream 488,Emma Wilson,£29.82,In stock,2
489,Mysterious River 489,Sophia Brown,£10.05,Out of stock,1
490,Brilliant Adventure 490,Ava Jackson,£35.97,Out of stock,1
491,Hidden Shadow 491,Sophia Brown,£59.41,Out of stock,2
492,Curious River 492,Ava Jackson,£29.15,In stock,1
493,Wandering Promise 493,Isabella Harris,£16.86,In stock,2
494,Golden Star 494,Ethan Walker,£10.42,In stock,4
495,Lost Empire 495,Daniel Taylor,£55.99,Out of stock,2
496,Golden Library 496,Daniel Taylor,£47.62,Out of stock,3
497,Mysterious Shadow 497,Daniel Taylor,£22.39,In stock,2
498,Crimson Secret 498,Grace Hall,£46.06,In stock,1
499,Ancient Empire 499,Lucas Lewis,£40.35,In stock,4
500,Ancient Journey 500,Ava Jackson,£34.74,In stock,2
